ID,Project,Mass,Exp_Date,Clint_Human,Clint_Rat
Cpd001,A,257.738,2022/01/01,220.2,255.7
Cpd002,B,406.475,2022/01/01,42.6,40.2
Cpd003,C,315.473,2022/01/01,261.6,32.2
Cpd004,D,354.926,2022/01/01,110.5,176.8
Cpd005,A,285.976,2022/01/01,51.9,59.1
Cpd006,B,439.744,2022/01/01,184.8,306.1
Cpd007,C,399.028,2022/01/01,298.2,388.1
Cpd008,D,317.915,2022/01/01,189.5,306.4
Cpd009,A,387.255,2022/01/01,217.4,111.8
Cpd010,B,297.410,2022/01/01,299.6,97.3
Cpd011,C,432.215,2022/01/01,269,362.9
Cpd012,D,250.199,2022/01/01,204.4,284.8
Cpd013,A,269.343,2022/01/01,11.1,59.2
Cpd014,B,350.969,2022/01/01,133.7,390.1
Cpd015,C,313.593,2022/01/01,113.5,110.4
Cpd016,D,251.870,2022/01/01,255.4,224.4
Cpd017,A,291.775,2022/01/01,122.6,295.5
Cpd018,B,448.653,2022/01/01,77.6,323
Cpd019,C,297.912,2022/01/01,141.8,274.2
Cpd020,D,306.824,2022/01/01,8.6,181.9
Cpd021,A,268.232,2022/01/01,72.3,319.3
Cpd022,B,412.264,2022/01/01,65.4,225.5
Cpd023,C,299.768,2022/01/01,67.8,338.6
Cpd024,D,281.450,2022/01/01,208.1,347.3
Cpd025,A,411.226,2022/01/01,79.7,471.2
Cpd026,B,332.602,2022/01/01,108.6,326.2
Cpd027,C,420.032,2022/01/01,267.3,232.1
Cpd028,D,379.255,2022/01/01,214,90.9
Cpd029,A,341.759,2022/01/01,296.4,46.3
Cpd030,B,288.756,2022/01/01,231.9,49.7
Cpd031,C,317.056,2022/01/01,111.3,468.6
Cpd032,D,354.942,2022/01/01,275.3,396.9
Cpd033,A,449.421,2022/01/01,253.1,499.8
Cpd034,B,299.595,2022/01/01,189.3,368.8
Cpd035,C,360.526,2022/01/01,162.4,235.8
Cpd036,D,252.601,2022/01/01,217.3,478.2
Cpd037,A,407.213,2022/01/01,142.1,138.8
Cpd038,B,305.009,2022/01/01,168.5,259.2
Cpd039,C,277.855,2022/01/01,112.1,105.3
Cpd040,D,400.050,2022/01/01,189.3,350.4
Cpd041,A,320.701,2022/01/16,77.8,177.6
Cpd042,B,369.977,2022/01/16,34,358.2
Cpd043,C,431.382,2022/01/16,31.5,476.6
Cpd044,D,264.983,2022/01/16,190.4,448
Cpd045,A,422.449,2022/01/16,203.9,14.1
Cpd046,B,306.290,2022/01/16,293.3,61.9
Cpd047,C,349.159,2022/01/16,163.7,401.4
Cpd048,D,358.511,2022/01/16,95,397.1
Cpd049,A,410.450,2022/01/16,98.1,341.8
Cpd050,B,314.771,2022/01/16,145.1,375.7
Cpd051,C,272.983,2022/01/16,171.6,132.5
Cpd052,D,257.731,2022/01/16,175.9,361.9
Cpd053,A,273.166,2022/01/16,129.1,460.9
Cpd054,B,265.079,2022/01/16,205.1,492.4
Cpd055,C,284.346,2022/01/16,45.1,95.1
Cpd056,D,411.451,2022/01/16,260.1,472.1
Cpd057,A,344.024,2022/01/16,178.3,211.1
Cpd058,B,250.716,2022/01/16,119.1,187.7
Cpd059,C,422.340,2022/01/16,256,435.3
Cpd060,D,291.714,2022/01/16,231.6,167
Cpd061,A,384.620,2022/01/16,298.6,457.9
Cpd062,B,283.580,2022/01/16,113.7,308.3
Cpd063,C,317.097,2022/01/16,200.8,430.2
Cpd064,D,258.755,2022/01/16,60.2,398.2
Cpd065,A,308.623,2022/01/16,210.2,434.5
Cpd066,B,425.451,2022/01/16,264.6,296.3
Cpd067,C,428.193,2022/01/16,3.4,292.5
Cpd068,D,418.074,2022/01/16,36.7,19
Cpd069,A,327.281,2022/01/16,269.6,489.2
Cpd070,B,293.020,2022/01/16,241.8,372.2
Cpd071,C,399.459,2022/01/16,99.9,316
Cpd072,D,365.737,2022/01/16,71.6,296.4
Cpd073,A,422.635,2022/01/16,243.8,476.5
Cpd074,B,318.621,2022/01/16,210.5,229
Cpd075,C,320.048,2022/01/16,120.8,335.4
Cpd076,D,441.648,2022/01/16,34.9,425.1
Cpd077,A,336.000,2022/01/16,217.5,48.8
Cpd078,B,400.522,2022/01/16,294.4,294.5
Cpd079,C,416.093,2022/01/16,82,155.4
Cpd080,D,340.381,2022/01/16,109.9,47.9
Cpd081,A,296.978,2022/01/16,31.5,59.4
Cpd082,B,434.715,2022/01/16,228.4,369.4
Cpd083,C,288.155,2022/01/16,87.7,431
Cpd084,D,265.356,2022/01/16,283.2,253.5
Cpd085,A,312.170,2022/01/16,20.6,116.4
Cpd086,B,284.330,2022/01/16,269.8,195.5
Cpd087,C,256.745,2022/01/16,3,441
Cpd088,D,254.452,2022/01/16,193.1,213.7
Cpd089,A,382.997,2022/01/16,148.2,32.9
Cpd090,B,413.373,2022/01/16,296.9,280.7
Cpd091,C,281.465,2022/01/16,202.1,287.8
Cpd092,D,253.849,2022/01/16,129.4,71.8
Cpd093,A,328.464,2022/01/16,281.2,44.6
Cpd094,B,288.167,2022/01/16,67.4,100.1
Cpd095,C,278.957,2022/01/16,43.2,317.7
Cpd096,D,371.741,2022/01/16,108.6,449.7
Cpd097,A,351.400,2022/02/01,39.4,158.8
Cpd098,B,332.985,2022/02/01,86.2,76.8
Cpd099,C,280.605,2022/02/01,114.4,425.5
Cpd100,D,304.677,2022/02/01,124.3,422.7
Cpd101,A,305.635,2022/02/01,74.2,389
Cpd102,B,315.506,2022/02/01,215.4,86.1
Cpd103,C,343.054,2022/02/01,132.2,434.4
Cpd104,D,396.735,2022/02/01,223.2,70.2
Cpd105,A,396.816,2022/02/01,98.7,414.2
Cpd106,B,333.337,2022/02/01,128.9,35.9
Cpd107,C,252.891,2022/02/01,221.5,407.5
Cpd108,D,365.275,2022/02/01,163.2,251.2
Cpd109,A,380.942,2022/02/01,58.4,371.4
Cpd110,B,274.535,2022/02/01,126,441.3
Cpd111,C,251.444,2022/02/01,209.1,55.6
Cpd112,D,406.991,2022/02/01,264,42.9
Cpd113,A,412.470,2022/02/01,282.3,57.2
Cpd114,B,333.092,2022/02/01,22.6,270.4
Cpd115,C,446.425,2022/02/01,94.8,343.1
Cpd116,D,384.045,2022/02/01,201.3,322.5
Cpd117,A,337.715,2022/02/01,202.9,260.8
Cpd118,B,274.609,2022/02/01,240.9,206.5
Cpd119,C,274.264,2022/02/01,19.6,494.6
Cpd120,D,282.492,2022/02/01,54.6,332.2
Cpd121,A,429.524,2022/02/01,117.5,307.7
Cpd122,B,267.893,2022/02/01,65.5,391.1
Cpd123,C,330.280,2022/02/01,163.1,311.5
Cpd124,D,333.814,2022/02/01,81.7,116.7
Cpd125,A,315.602,2022/02/01,17.4,107.1
Cpd126,B,424.948,2022/02/01,135.3,98.9
Cpd127,C,293.379,2022/02/01,218.5,94.7
Cpd128,D,295.275,2022/02/01,283.1,114
Cpd129,A,365.604,2022/02/01,245.7,145.3
Cpd130,B,324.866,2022/02/01,226.3,229.5
Cpd131,C,337.845,2022/02/01,76.2,470
Cpd132,D,395.944,2022/02/01,180.4,279.8
Cpd133,A,271.015,2022/02/01,265.5,369.5
Cpd134,B,336.376,2022/02/01,289.8,456.9
Cpd135,C,346.807,2022/02/01,35.8,62
Cpd136,D,372.599,2022/02/01,251.4,21.6
Cpd137,A,377.059,2022/02/01,29.7,313.8
Cpd138,B,299.294,2022/02/01,4.1,309.6
Cpd139,C,420.322,2022/02/01,120.2,241.7
Cpd140,D,443.384,2022/02/01,157.1,365.5
Cpd141,A,307.324,2022/02/01,130.2,119.4
Cpd142,B,276.897,2022/02/01,49,447
Cpd143,C,405.562,2022/02/01,11.7,133.4
Cpd144,D,396.945,2022/02/01,110.4,213.3
Cpd145,A,359.465,2022/02/01,196.6,290.3
Cpd146,B,449.267,2022/02/01,115.5,384.6
Cpd147,C,267.427,2022/02/01,157.4,95.3
Cpd148,D,410.937,2022/02/01,58.8,201.9
Cpd149,A,444.315,2022/02/16,37.8,105.4
Cpd150,B,381.849,2022/02/16,221.5,410.2
Cpd151,C,264.967,2022/02/16,119.2,137.2
Cpd152,D,356.130,2022/02/16,192.3,162.6
Cpd153,A,390.919,2022/02/16,106.7,63.2
Cpd154,B,274.059,2022/02/16,135.5,474.3
Cpd155,C,302.324,2022/02/16,217.6,67.8
Cpd156,D,391.037,2022/02/16,17.9,361.3
Cpd157,A,446.449,2022/02/16,67.2,120.8
Cpd158,B,369.455,2022/02/16,297.6,356.9
Cpd159,C,282.467,2022/02/16,131.9,163.5
Cpd160,D,406.805,2022/02/16,3.2,205.1
Cpd161,A,362.653,2022/02/16,265.9,214.9
Cpd162,B,292.043,2022/02/16,62,470.6
Cpd163,C,407.823,2022/02/16,56.4,290.3
Cpd164,D,343.294,2022/02/16,247.6,328.3
Cpd165,A,379.458,2022/02/16,109.2,206.7
Cpd166,B,262.541,2022/02/16,88.1,231.7
Cpd167,C,343.965,2022/02/16,190.7,170.6
Cpd168,D,364.627,2022/02/16,115.3,4.4
Cpd169,A,291.493,2022/02/16,121.3,421
Cpd170,B,343.901,2022/02/16,82.4,498.8
Cpd171,C,390.860,2022/02/16,161.3,413.8
Cpd172,D,356.115,2022/02/16,120.9,81.5
Cpd173,A,414.806,2022/03/01,235.3,374.8
Cpd174,B,267.193,2022/03/01,96.2,200
Cpd175,C,290.715,2022/03/01,194.3,482.2
Cpd176,D,384.391,2022/03/01,92.8,214.1
Cpd177,A,258.692,2022/03/01,111.6,95.6
Cpd178,B,396.924,2022/03/01,75.6,351.3
Cpd179,C,442.320,2022/03/01,175.5,449.1
Cpd180,D,448.659,2022/03/01,280,439.8
Cpd181,A,251.530,2022/03/01,106,144.2
Cpd182,B,409.141,2022/03/01,103.8,337.2
Cpd183,C,288.817,2022/03/01,8,259.6
Cpd184,D,443.390,2022/03/01,29.8,252.9
Cpd185,A,369.686,2022/03/01,255.6,46.4
Cpd186,B,276.178,2022/03/01,161.6,430.2
Cpd187,C,299.198,2022/03/01,61.2,167.1
Cpd188,D,351.422,2022/03/01,128.2,146
Cpd189,A,375.032,2022/03/01,217.3,314.6
Cpd190,B,378.655,2022/03/01,9.8,218.9
Cpd191,C,273.321,2022/03/01,163.5,144.4
Cpd192,D,291.287,2022/03/01,182.1,214
Cpd193,A,379.280,2022/03/01,211.1,134.1
Cpd194,B,398.331,2022/03/01,90.7,267.3
Cpd195,C,266.162,2022/03/01,124.1,323.1
Cpd196,D,353.735,2022/03/01,187.3,271.1
Cpd197,A,422.305,2022/03/01,77.2,33.4
Cpd198,B,284.730,2022/03/01,156.7,38.7
Cpd199,C,448.989,2022/03/01,106.1,414.4
Cpd200,D,379.805,2022/03/01,136.2,78.5
Cpd201,A,276.813,2022/03/01,120.6,35
Cpd202,B,433.884,2022/03/01,132,304.9
Cpd203,C,303.524,2022/03/01,282,105.1
Cpd204,D,356.435,2022/03/01,26.6,178.9
Cpd205,A,373.163,2022/03/01,148.3,315.4
Cpd206,B,269.344,2022/03/01,245.7,9.3
Cpd207,C,279.737,2022/03/01,96.6,99.9
Cpd208,D,335.463,2022/03/01,226.1,8.6
Cpd209,A,375.830,2022/03/16,142.2,348.9
Cpd210,B,273.641,2022/03/16,205.6,259.7
Cpd211,C,438.664,2022/03/16,235,310.1
Cpd212,D,318.020,2022/03/16,200.7,377.8
Cpd213,A,336.983,2022/03/16,104.8,332.8
Cpd214,B,382.558,2022/03/16,210.8,420.5
Cpd215,C,448.808,2022/03/16,82.6,137.1
Cpd216,D,388.705,2022/03/16,208.3,132.6
Cpd217,A,302.781,2022/03/16,227.7,419
Cpd218,B,325.159,2022/03/16,66.5,1.8
Cpd219,C,407.935,2022/03/16,173.6,408.5
Cpd220,D,332.544,2022/03/16,246.3,245.9
Cpd221,A,354.505,2022/03/16,92.6,380
Cpd222,B,369.258,2022/03/16,208.8,359.3
Cpd223,C,321.664,2022/03/16,1.2,276.6
Cpd224,D,422.645,2022/03/16,149.7,353.7
Cpd225,A,329.294,2022/04/01,289.4,337.2
Cpd226,B,414.967,2022/04/01,129.6,16.7
Cpd227,C,286.084,2022/04/01,239,247.5
Cpd228,D,427.554,2022/04/01,128.6,212.2
Cpd229,A,284.207,2022/04/01,82.4,77.8
Cpd230,B,268.315,2022/04/01,250.2,211.3
Cpd231,C,293.684,2022/04/01,64.6,63.4
Cpd232,D,354.752,2022/04/01,183.5,339.5
Cpd233,A,342.546,2022/04/01,75.5,258.6
Cpd234,B,422.350,2022/04/01,205.8,142.9
Cpd235,C,310.213,2022/04/01,19.2,297.3
Cpd236,D,420.326,2022/04/01,32.6,125.4
Cpd237,A,292.798,2022/04/01,263.5,479.4
Cpd238,B,374.933,2022/04/01,70.3,206.8
Cpd239,C,254.652,2022/04/01,254.5,349.2
Cpd240,D,414.727,2022/04/01,50.4,476.8
Cpd241,A,398.260,2022/04/01,239.7,255.9
Cpd242,B,420.465,2022/04/01,79.4,391.8
Cpd243,C,355.309,2022/04/01,35.5,454
Cpd244,D,420.710,2022/04/01,51.6,148.9
Cpd245,A,319.358,2022/04/01,113.8,389.5
Cpd246,B,366.974,2022/04/01,215.9,380.7
Cpd247,C,252.092,2022/04/01,118.5,422.1
Cpd248,D,331.866,2022/04/01,15.2,201.9
Cpd249,A,250.862,2022/04/01,184.9,74.7
Cpd250,B,350.578,2022/04/01,242.6,297.2
Cpd251,A,368.391,2022/04/01,67.5,41.6
Cpd252,B,418.842,2022/04/01,205.1,156.2
Cpd253,C,332.648,2022/04/01,140,302.8
Cpd254,D,446.045,2022/04/01,7.1,449.6
Cpd255,A,285.479,2022/04/01,41.6,447.2
Cpd256,B,295.200,2022/04/01,37.5,232.9
Cpd257,C,305.338,2022/04/01,4.3,276.3
Cpd258,D,305.191,2022/05/16,284.3,351.8
Cpd259,A,318.287,2022/05/16,15.3,276.9
Cpd260,B,446.014,2022/05/16,95,220.1
Cpd261,C,251.134,2022/05/16,182.2,29
Cpd262,D,394.127,2022/05/16,83.7,234
Cpd263,A,413.342,2022/05/16,147.6,59.3
Cpd264,B,399.668,2022/05/16,134,372.6
Cpd265,C,285.301,2022/05/16,150.7,383.5
Cpd266,D,345.860,2022/05/16,281.4,228.4
Cpd267,A,268.085,2022/05/16,88.6,102.6
Cpd268,B,446.981,2022/05/16,277.9,418.8
Cpd269,C,445.249,2022/05/16,223,164.5
Cpd270,D,296.518,2022/05/16,257.8,375.6
Cpd271,A,405.311,2022/05/16,246.7,54.6
Cpd272,B,341.626,2022/05/16,155.9,155.4
Cpd273,C,361.826,2022/05/16,26,257.9
Cpd274,D,431.471,2022/05/16,145.9,91.2
Cpd275,A,427.274,2022/05/16,187.8,386.4
Cpd276,B,251.990,2022/05/16,23,303.5
Cpd277,C,391.413,2022/05/16,139,220.8
Cpd278,D,331.883,2022/05/16,233,233.2
Cpd279,A,421.127,2022/05/16,128.1,269.6
Cpd280,B,376.967,2022/05/16,274.1,249.3
Cpd281,C,337.557,2022/05/16,42.8,76.8
Cpd282,D,282.749,2022/05/16,31.8,443.1
Cpd283,A,290.624,2022/05/16,204.2,150.7
Cpd284,B,286.814,2022/05/16,267.5,495.4
Cpd285,C,297.379,2022/05/16,294.1,320.6
Cpd286,D,280.184,2022/05/16,46.4,446.8
Cpd287,A,448.643,2022/05/16,172.2,344.4
Cpd288,B,405.128,2022/05/16,246.5,152.1
Cpd289,C,330.648,2022/05/16,121,392.5
Cpd290,D,258.811,2022/05/16,195.9,74.4
Cpd291,A,420.832,2022/06/01,57,78.5
Cpd292,B,309.050,2022/06/01,4.4,16.4
Cpd293,C,368.386,2022/06/01,161.2,23.6
Cpd294,D,449.279,2022/06/01,161.6,311.8
Cpd295,A,282.860,2022/06/01,232.9,203.7
Cpd296,B,292.273,2022/06/01,105.3,329.9
Cpd297,C,253.034,2022/06/01,218.8,390.3
Cpd298,D,371.504,2022/06/01,275.4,290.4
Cpd299,A,281.946,2022/06/01,146.9,208.4
Cpd300,B,309.001,2022/06/01,153.2,59
Cpd301,C,433.691,2022/06/01,5.1,133.3
Cpd302,D,370.959,2022/06/01,5.8,60.5
Cpd303,A,278.021,2022/06/01,69.5,63.7
Cpd304,B,396.927,2022/06/01,63.7,27.6
Cpd305,C,427.593,2022/06/01,66.7,21.7
Cpd306,D,413.340,2022/06/01,39.2,76.2
Cpd307,A,380.632,2022/06/01,98.4,96.7
Cpd308,B,363.394,2022/06/01,1.7,19.1
Cpd309,C,302.987,2022/06/01,11,141.6
Cpd310,D,267.223,2022/06/01,62,126.5
Cpd311,A,354.789,2022/06/01,32.8,24.4
Cpd312,B,311.344,2022/06/01,8.8,28.1
Cpd313,C,338.713,2022/06/01,98.6,69.2
Cpd314,D,424.800,2022/06/01,57.6,106.7
Cpd315,A,422.283,2022/06/01,31.2,51.7
Cpd316,B,280.214,2022/06/01,45.3,13
Cpd317,C,272.262,2022/06/01,71.4,2.4
Cpd318,D,337.555,2022/06/01,79.7,2.9
Cpd319,A,394.553,2022/06/01,41.8,70.4
Cpd320,B,281.897,2022/06/01,30.5,8.6
Cpd321,C,360.808,2022/06/01,73.3,65.1
Cpd322,D,376.776,2022/06/01,53.3,61.8
Cpd323,A,439.023,2022/06/01,25.8,94.8
Cpd324,B,322.964,2022/06/01,14.9,86.3
Cpd325,C,448.594,2022/06/01,85,260.8
Cpd326,D,367.985,2022/06/01,95.3,20.6
Cpd327,A,402.885,2022/06/01,23,139.6
Cpd328,B,421.759,2022/06/01,55.7,40.8
Cpd329,C,359.300,2022/06/01,41.8,24.3
Cpd330,D,393.961,2022/06/01,44.5,121.8
Cpd331,A,296.627,2022/06/01,73.8,136.7
Cpd332,B,352.595,2022/06/01,13.9,41.7
Cpd333,C,413.451,2022/06/01,80.6,95
Cpd334,D,412.732,2022/06/01,79.5,133.5
Cpd335,A,274.183,2022/07/01,8,99.5
Cpd336,B,279.163,2022/07/01,78.8,98.6
Cpd337,C,308.603,2022/07/01,41.7,103.2
Cpd338,D,294.930,2022/07/01,40.4,133.7
Cpd339,A,437.391,2022/07/01,33.8,87.2
Cpd340,B,375.415,2022/07/01,97.1,56.4
Cpd341,C,394.009,2022/07/01,26.8,62.1
Cpd342,D,349.192,2022/07/01,49.4,23.5
Cpd343,A,439.524,2022/07/01,32.2,111.7
Cpd344,B,374.529,2022/07/01,54.6,102.6
Cpd345,C,321.657,2022/07/01,74.6,80.8
Cpd346,D,274.733,2022/07/01,77,41.5
Cpd347,A,365.979,2022/07/01,54.3,24.8
Cpd348,B,335.248,2022/07/01,42.5,114.9
Cpd349,C,362.014,2022/07/01,63.9,141.9
Cpd350,D,357.064,2022/07/01,92.2,9
Cpd351,A,329.768,2022/07/01,67.4,108.6
Cpd352,B,369.719,2022/07/01,36.2,130.6
Cpd353,C,335.510,2022/07/01,70.4,26.6
Cpd354,D,405.744,2022/07/01,73.6,50.7
Cpd355,A,435.293,2022/07/01,78.6,316.8
Cpd356,B,438.120,2022/07/01,73.2,37.1
Cpd357,C,329.732,2022/07/01,11,72.7
Cpd358,D,422.382,2022/07/01,78,107.9
Cpd359,A,435.941,2022/07/01,5.5,124.2
Cpd360,B,382.732,2022/07/01,41.4,93.2
Cpd361,C,347.513,2022/07/01,8.4,97.6
Cpd362,D,282.578,2022/07/01,289.5,461.4
Cpd363,A,339.371,2022/07/01,39,11.7
Cpd364,B,347.762,2022/07/01,45.1,19.2
Cpd365,C,362.515,2022/07/01,28.3,141.1
Cpd366,D,417.254,2022/07/01,54,16.8
Cpd367,A,398.920,2022/07/01,30.3,121.2
Cpd368,B,411.085,2022/07/01,54,7
Cpd369,C,346.638,2022/07/01,94.5,133.7
Cpd370,D,386.844,2022/07/01,46.4,45.4
Cpd371,A,370.377,2022/07/01,37.8,110.2
Cpd372,B,440.209,2022/07/01,94.7,145.8
Cpd373,C,277.502,2022/07/01,59.2,60.7
Cpd374,D,356.069,2022/07/01,54.4,119.7
Cpd375,A,410.469,2022/07/01,53.9,84.7
Cpd376,B,277.188,2022/07/01,267.6,296.4
Cpd377,C,334.456,2022/07/01,21.9,53.5
Cpd378,D,397.506,2022/07/01,0.8,31.9
Cpd379,A,346.680,2022/07/01,24.6,114.2
Cpd380,B,355.765,2022/07/01,13,61.7
Cpd381,C,448.012,2022/07/01,14.6,63.8
Cpd382,D,278.967,2022/07/01,72.7,92.8
Cpd383,A,257.636,2022/07/01,95.1,145.2
Cpd384,B,358.990,2022/08/01,84.8,87.1
Cpd385,C,280.308,2022/08/01,135.7,6
Cpd386,D,322.651,2022/08/01,82.6,28.4
Cpd387,A,369.083,2022/08/01,42.9,111.4
Cpd388,B,336.638,2022/08/01,94.8,24.3
Cpd389,C,383.127,2022/08/01,66,39.5
Cpd390,D,263.348,2022/08/01,71.2,69.9
Cpd391,A,392.561,2022/08/01,26.5,84.1
Cpd392,B,419.158,2022/08/01,92.2,129.9
Cpd393,C,305.205,2022/08/01,67.1,136.3
Cpd394,D,378.437,2022/08/01,39.2,72.8
Cpd395,A,412.214,2022/08/01,32.8,96.7
Cpd396,B,288.502,2022/08/01,79.8,119.5
Cpd397,C,402.029,2022/08/01,37.1,55.7
Cpd398,D,314.202,2022/08/01,27.4,114.4
Cpd399,A,259.711,2022/08/01,22.8,146.8
Cpd400,B,296.096,2022/08/01,83.9,50.3
Cpd401,C,438.969,2022/08/01,6.4,113.1
Cpd402,D,390.998,2022/08/01,37.3,38.9
Cpd403,A,408.119,2022/08/01,208.9,32.3
Cpd404,B,354.287,2022/08/01,79.6,131.3
Cpd405,C,372.595,2022/08/01,89.6,114.5
Cpd406,D,334.036,2022/08/01,45.4,50.5
Cpd407,A,362.589,2022/08/01,87.5,54.3
Cpd408,B,270.073,2022/08/01,98.7,137
Cpd409,C,345.171,2022/08/01,90,39
Cpd410,D,347.094,2022/08/01,27.3,131.4
Cpd411,A,329.086,2022/08/01,210.5,44.6
Cpd412,B,438.459,2022/08/01,57,58.6
Cpd413,C,333.803,2022/09/01,55.8,13.3
Cpd414,D,423.192,2022/09/01,247.9,343.3
Cpd415,A,401.928,2022/09/01,38,6.5
Cpd416,B,367.738,2022/09/01,90.2,40.8
Cpd417,C,258.385,2022/09/01,12.2,32
Cpd418,D,369.289,2022/09/01,25.4,74.9
Cpd419,A,426.729,2022/09/01,61.6,43
Cpd420,B,370.093,2022/09/01,12.5,110.8
Cpd421,C,271.462,2022/09/01,59.9,73.9
Cpd422,D,411.327,2022/09/01,64.3,144.9
Cpd423,A,267.425,2022/09/01,66.6,41.6
Cpd424,B,318.307,2022/09/01,53,63.9
Cpd425,C,428.285,2022/09/01,19.9,76.5
Cpd426,D,441.427,2022/09/01,10.2,41.6
Cpd427,A,434.367,2022/09/01,49.9,91.6
Cpd428,B,443.002,2022/09/01,77.6,101.2
Cpd429,C,366.816,2022/09/01,28.8,103.3
Cpd430,D,370.834,2022/09/01,255.4,39.8
Cpd431,A,315.028,2022/09/01,29.1,129.8
Cpd432,B,324.708,2022/09/01,37.6,138.4
Cpd433,C,415.122,2022/09/01,43.8,90.8
Cpd434,D,260.194,2022/09/01,41,125.1
Cpd435,A,389.730,2022/09/01,37.7,44.4
Cpd436,B,321.210,2022/09/01,37.4,131.7
Cpd437,C,287.528,2022/09/01,88.8,109.3
Cpd438,D,312.999,2022/09/01,33.7,111.7
Cpd439,A,411.809,2022/09/01,11.5,126.7
Cpd440,B,262.961,2022/09/01,85.6,50
Cpd441,C,431.120,2022/09/01,77.9,16.5
Cpd442,D,438.565,2022/09/01,42.3,134.8
Cpd443,A,385.016,2022/09/01,68.8,141.1
Cpd444,B,348.058,2022/09/01,14.2,22.3
Cpd445,C,340.609,2022/09/01,95.5,60.8
Cpd446,D,317.656,2022/09/01,72.4,70.8
Cpd447,A,280.469,2022/09/01,77.6,97.6
Cpd448,B,373.067,2022/09/01,40.7,21.1
Cpd449,C,372.299,2022/09/01,196.8,248
Cpd450,D,336.867,2022/09/01,8.9,28.8
Cpd451,A,401.341,2022/09/01,6.7,65
Cpd452,B,347.206,2022/09/01,97.2,51.2
Cpd453,C,356.787,2022/09/01,42.7,52.5
Cpd454,D,397.140,2022/09/01,205.8,360.2
Cpd455,A,325.488,2022/09/01,10.7,65
Cpd456,B,354.701,2022/10/01,13.5,57.9
Cpd457,C,435.289,2022/10/01,60.2,29.4
Cpd458,D,447.309,2022/10/01,26.4,145.3
Cpd459,A,434.601,2022/10/01,68.3,55.2
Cpd460,B,253.828,2022/10/01,5,87.8
Cpd461,C,425.877,2022/10/01,47,26.7
Cpd462,D,445.307,2022/10/01,59.9,114.2
Cpd463,A,372.961,2022/10/01,243.6,204
Cpd464,B,430.983,2022/10/01,15.3,88
Cpd465,C,263.631,2022/10/01,58.3,64.4
Cpd466,D,307.694,2022/10/01,19.3,133.3
Cpd467,A,369.788,2022/10/01,79.2,19.1
Cpd468,B,364.284,2022/10/01,268.8,184
Cpd469,C,252.662,2022/10/01,14.6,41.7
Cpd470,D,272.406,2022/10/01,87.2,142.1
Cpd471,A,406.148,2022/10/01,27.3,66
Cpd472,B,393.605,2022/10/01,254.4,375.6
Cpd473,C,418.127,2022/10/01,30.9,99.1
Cpd474,D,370.145,2022/10/01,58.6,146.3
Cpd475,A,310.788,2022/10/01,14,119.4
Cpd476,B,442.524,2022/10/01,53.5,75.4
Cpd477,C,352.839,2022/10/01,19.2,14.8
Cpd478,D,376.586,2022/10/01,49.6,70.3
Cpd479,A,428.778,2022/10/01,11.2,30.4
Cpd480,B,292.605,2022/10/01,70.2,87.8
Cpd481,C,415.749,2022/10/01,277.4,252.2
Cpd482,D,300.585,2022/10/01,1.6,138.6
Cpd483,A,322.689,2022/10/01,33.6,80.1
Cpd484,B,371.541,2022/10/01,14.2,20
Cpd485,C,358.525,2022/10/01,59.3,2.6
Cpd486,D,352.815,2022/10/01,134.2,382.5
Cpd487,A,438.116,2022/10/01,94.4,99.1
Cpd488,B,284.058,2022/10/01,38.8,24.9
Cpd489,C,431.649,2022/10/01,91.1,59.1
Cpd490,D,434.794,2022/10/01,38.7,8
Cpd491,A,393.628,2022/10/01,52.1,16.4
Cpd492,B,288.135,2022/10/01,39.9,36
Cpd493,C,352.901,2022/10/01,75,23.2
Cpd494,D,289.998,2022/10/01,9.8,28.8
Cpd495,A,339.858,2022/10/01,56.9,109.4
Cpd496,B,398.972,2022/10/01,34.9,103
Cpd497,C,408.799,2022/10/01,3.5,65
Cpd498,D,366.782,2022/10/01,77.6,82.3
Cpd499,A,273.223,2022/10/01,74.6,105
Cpd500,B,389.256,2022/10/01,179.3,162.4
Cpd501,A,403.486,2022/11/01,33,109.3
Cpd502,B,357.068,2022/11/01,71.3,86.3
Cpd503,C,286.850,2022/11/01,25.6,39.8
Cpd504,D,446.672,2022/11/01,6.1,12.8
Cpd505,A,369.791,2022/11/01,67.1,31.4
Cpd506,B,295.294,2022/11/01,84.2,138.1
Cpd507,C,294.605,2022/11/01,95.1,34.2
Cpd508,D,448.243,2022/11/01,96.5,34.1
Cpd509,A,313.590,2022/11/01,17.4,118
Cpd510,B,428.842,2022/11/01,75.9,120.4
Cpd511,C,373.688,2022/11/01,14.9,124.2
Cpd512,D,315.944,2022/11/01,57.9,84.1
Cpd513,A,375.329,2022/11/01,99.4,71.2
Cpd514,B,404.207,2022/11/01,167.7,362
Cpd515,C,337.082,2022/11/01,53.2,105.5
Cpd516,D,329.204,2022/11/01,89.6,32.9
Cpd517,A,261.480,2022/11/01,86,62.2
Cpd518,B,252.403,2022/11/01,52.8,85.9
Cpd519,C,269.213,2022/11/01,83.4,133.1
Cpd520,D,387.236,2022/11/01,23.1,62.5
Cpd521,A,423.941,2022/11/01,184.2,487.9
Cpd522,B,402.609,2022/11/01,11,147.6
Cpd523,C,336.485,2022/11/01,77.9,71.6
Cpd524,D,437.845,2022/11/01,6.9,136.5
Cpd525,A,446.776,2022/11/01,77,116.5
Cpd526,B,304.827,2022/11/01,29.1,131.4
Cpd527,C,418.955,2022/11/01,56.3,47.3
Cpd528,D,419.173,2022/11/01,41.4,98.3
Cpd529,A,437.451,2022/11/01,78.1,130.6
Cpd530,B,400.340,2022/11/01,4.4,140.5
Cpd531,C,400.199,2022/11/01,229.7,156.8
Cpd532,D,297.010,2022/11/01,57.1,86
Cpd533,A,313.622,2022/11/01,69.3,91
Cpd534,B,342.981,2022/11/01,11.1,145.7
Cpd535,C,299.518,2022/11/01,69.6,58.7
Cpd536,D,322.697,2022/11/01,95.3,39.5
Cpd537,A,326.735,2022/11/01,31.4,68.1
Cpd538,B,344.774,2022/11/01,15.3,144
Cpd539,C,433.934,2022/11/01,40.9,100.9
Cpd540,D,285.226,2022/11/01,59,125.8
Cpd541,A,370.164,2022/11/01,43,139
Cpd542,B,296.231,2022/11/01,87.6,120.9
Cpd543,C,256.992,2022/11/01,40.8,108.4
Cpd544,D,286.093,2022/11/01,47.9,23.6
Cpd545,A,382.288,2022/11/01,72.2,29
Cpd546,B,294.626,2022/11/01,59.7,123.7
Cpd547,C,437.257,2022/11/01,76.4,98.7
Cpd548,D,426.531,2022/11/01,57.3,7.6
Cpd549,A,273.848,2022/11/01,89.6,28.4
Cpd550,B,402.800,2022/11/01,29.9,28.3
Cpd551,C,311.364,2022/11/01,68.2,105.2
Cpd552,D,364.179,2022/12/01,65.5,28.3
Cpd553,A,284.149,2022/12/01,86.4,134.3
Cpd554,B,256.567,2022/12/01,24.3,97.4
Cpd555,C,274.917,2022/12/01,89,70.8
Cpd556,D,369.854,2022/12/01,29.3,59.1
Cpd557,A,302.089,2022/12/01,63.9,13
Cpd558,B,340.575,2022/12/01,81.5,26.7
Cpd559,C,359.006,2022/12/01,33.9,217.8
Cpd560,D,294.962,2022/12/01,40.4,106
Cpd561,A,275.698,2022/12/01,0.9,18
Cpd562,B,360.418,2022/12/01,27,27.3
Cpd563,C,380.991,2022/12/01,71.6,56.7
Cpd564,D,346.262,2022/12/01,90.5,42.2
Cpd565,A,377.838,2022/12/01,78.6,109.2
Cpd566,B,353.144,2022/12/01,80.1,72.5
Cpd567,C,255.247,2022/12/01,9.4,49.4
Cpd568,D,357.023,2022/12/01,32.3,81.7
Cpd569,A,295.867,2022/12/01,67,97.6
Cpd570,B,398.718,2022/12/01,50.5,43.2
Cpd571,C,302.890,2022/12/01,78.1,71.1
Cpd572,D,342.304,2022/12/01,18.8,103.8
Cpd573,A,269.567,2022/12/01,88.6,143.4
Cpd574,B,421.838,2022/12/01,40.5,125.7
Cpd575,C,309.070,2022/12/01,33.3,100.5
Cpd576,D,330.915,2022/12/01,96.7,67.3
Cpd577,A,314.287,2022/12/01,57.2,29
Cpd578,B,406.442,2022/12/01,13.6,393
Cpd579,C,442.254,2022/12/01,85.5,120.2
Cpd580,D,377.788,2022/12/01,86.4,132.3
Cpd581,A,435.220,2022/12/01,38.1,459.7
Cpd582,B,384.562,2022/12/01,91,93.1
Cpd583,C,371.958,2022/12/01,90.1,144.9
Cpd584,D,277.865,2022/12/01,227.9,160.9
Cpd585,A,363.923,2022/12/01,49,45.2
Cpd586,B,406.640,2022/12/01,8.3,149.4
Cpd587,C,399.758,2022/12/01,71.6,87.9
Cpd588,D,426.224,2022/12/01,14.2,25.1
Cpd589,A,429.645,2022/12/01,85,41
Cpd590,B,352.203,2022/12/01,58.1,34.3
Cpd591,C,352.922,2022/12/01,15,127.4
Cpd592,D,299.053,2023/01/01,172.7,403.3
Cpd593,A,415.693,2023/01/01,97.8,146.8
Cpd594,B,297.802,2023/01/01,2.9,92.6
Cpd595,C,380.876,2023/01/01,61.9,93.5
Cpd596,D,366.253,2023/01/01,23.5,353.6
Cpd597,A,445.053,2023/01/01,44,84.9
Cpd598,B,423.379,2023/01/01,18.4,142.5
Cpd599,C,441.755,2023/01/01,15.7,115.1
Cpd600,D,288.746,2023/01/01,38.9,5.4
Cpd601,A,289.638,2023/01/01,4.5,29.6
Cpd602,B,308.702,2023/01/01,8,25.5
Cpd603,C,369.623,2023/01/01,5.9,4.5
Cpd604,D,402.318,2023/01/01,2.8,8.4
Cpd605,A,404.023,2023/01/01,18.2,21.8
Cpd606,B,348.333,2023/01/01,237.3,186.2
Cpd607,C,372.520,2023/01/01,14.5,26.1
Cpd608,D,344.577,2023/01/01,9.7,18.3
Cpd609,A,447.158,2023/01/01,14,6.6
Cpd610,B,296.520,2023/01/01,17.9,25.8
Cpd611,C,427.304,2023/01/01,6.6,17.3
Cpd612,D,442.868,2023/01/01,4,29.7
Cpd613,A,274.592,2023/01/01,16.9,19
Cpd614,B,442.734,2023/01/01,12,15.3
Cpd615,C,309.324,2023/01/01,18.4,21.3
Cpd616,D,348.248,2023/01/01,1.1,4.5
Cpd617,A,358.830,2023/01/01,17.7,10
Cpd618,B,414.025,2023/01/01,18.9,29.6
Cpd619,C,323.314,2023/01/01,170.2,106.9
Cpd620,D,374.374,2023/01/01,11.4,25.6
Cpd621,A,326.962,2023/01/01,9.6,7.9
Cpd622,B,302.175,2023/01/01,11.8,5.6
Cpd623,C,386.399,2023/01/01,15.2,21.4
Cpd624,D,279.931,2023/01/01,5.5,27.1
Cpd625,A,392.382,2023/01/01,6.4,8.9
Cpd626,B,321.588,2023/01/01,79.4,151.7
Cpd627,C,355.012,2023/01/01,15.2,17.6
Cpd628,D,419.447,2023/01/01,11.5,7.2
Cpd629,A,301.342,2023/01/01,19.7,25.5
Cpd630,B,318.154,2023/01/01,13.4,15.3
Cpd631,C,384.517,2023/01/01,9.2,17.7
Cpd632,D,279.664,2023/01/01,5.5,14.2
Cpd633,A,415.303,2023/01/01,12.8,6.9
Cpd634,B,369.814,2023/01/01,115.6,201.4
Cpd635,C,263.693,2023/01/01,3.2,25.4
Cpd636,D,417.316,2023/01/01,9.9,22.2
Cpd637,A,306.476,2023/02/01,11.9,4.5
Cpd638,B,446.303,2023/02/01,7.5,10.2
Cpd639,C,275.792,2023/02/01,8.3,29.1
Cpd640,D,318.997,2023/02/01,61.8,101.1
Cpd641,A,356.656,2023/02/01,4.9,25.3
Cpd642,B,428.575,2023/02/01,8.4,17.8
Cpd643,C,403.710,2023/02/01,10.3,29.9
Cpd644,D,314.980,2023/02/01,10.8,13.9
Cpd645,A,318.375,2023/02/01,11.1,14
Cpd646,B,327.662,2023/02/01,2.5,28.1
Cpd647,C,418.869,2023/02/01,17.9,6.1
Cpd648,D,396.203,2023/02/01,243.1,136.5
Cpd649,A,422.621,2023/02/01,12.9,16.9
Cpd650,B,288.218,2023/02/01,19.3,22.8
Cpd651,C,371.749,2023/02/01,10.3,9.5
Cpd652,D,407.285,2023/02/01,13.8,26.7
Cpd653,A,398.791,2023/02/01,143,203.8
Cpd654,B,313.779,2023/02/01,19.5,17.8
Cpd655,C,436.551,2023/02/01,19.7,22.7
Cpd656,D,418.305,2023/02/01,17.7,11.5
Cpd657,A,310.273,2023/02/01,90.1,331.3
Cpd658,B,408.747,2023/02/01,14.1,22.4
Cpd659,C,353.318,2023/02/01,19.5,8.3
Cpd660,D,314.227,2023/02/01,208.4,261.1
Cpd661,A,402.951,2023/02/01,15,12.5
Cpd662,B,396.403,2023/02/01,6.8,16.3
Cpd663,C,257.900,2023/02/01,5.1,2.1
Cpd664,D,383.218,2023/02/01,10.8,7.3
Cpd665,A,414.168,2023/02/01,9.7,16.4
Cpd666,B,442.726,2023/02/01,62,409
Cpd667,C,293.462,2023/02/01,2.3,8.7
Cpd668,D,333.755,2023/02/01,12.4,23.9
Cpd669,A,396.105,2023/02/01,5.8,3.3
Cpd670,B,292.564,2023/03/01,9.4,19.1
Cpd671,C,256.825,2023/03/01,4,12.7
Cpd672,D,325.284,2023/03/01,9.4,26
Cpd673,A,270.226,2023/03/01,17.7,17
Cpd674,B,407.731,2023/03/01,12.4,20.1
Cpd675,C,448.733,2023/03/01,4.1,17.7
Cpd676,D,258.352,2023/03/01,144.3,345.7
Cpd677,A,448.400,2023/03/01,11.1,21.1
Cpd678,B,385.820,2023/03/01,11.3,21.3
Cpd679,C,269.201,2023/03/01,14.8,10.5
Cpd680,D,337.474,2023/03/01,4.8,28.5
Cpd681,A,331.480,2023/03/01,1.4,7
Cpd682,B,434.086,2023/03/01,3.9,1.6
Cpd683,C,327.464,2023/03/01,241.3,116.9
Cpd684,D,393.684,2023/03/01,8.8,14.9
Cpd685,A,327.614,2023/03/01,11.4,21.1
Cpd686,B,274.443,2023/03/01,9.4,7.1
Cpd687,C,320.546,2023/03/01,18.7,22.1
Cpd688,D,433.547,2023/03/01,8.6,23
Cpd689,A,420.186,2023/03/01,15.9,20.8
Cpd690,B,263.699,2023/03/01,7.9,25.8
Cpd691,C,275.364,2023/03/01,7.2,5.3
Cpd692,D,367.587,2023/03/01,17,5.8
Cpd693,A,259.297,2023/03/01,15.2,9
Cpd694,B,327.343,2023/03/01,16.3,1.2
Cpd695,C,346.292,2023/03/01,12.5,11.7
Cpd696,D,263.440,2023/03/01,5.4,20
Cpd697,A,250.861,2023/03/01,15.3,22.3
Cpd698,B,325.762,2023/03/01,15.3,18.7
Cpd699,C,413.468,2023/03/01,19.1,17.6
Cpd700,D,367.687,2023/03/01,14,21.5
Cpd701,A,373.827,2023/03/01,8,19.4
Cpd702,B,298.489,2023/03/01,19.4,2.7
Cpd703,C,436.675,2023/03/01,19.7,28.2
Cpd704,D,345.189,2023/03/01,19.6,2.4
Cpd705,A,268.755,2023/03/01,15.9,25.3
Cpd706,B,265.095,2023/03/01,21.3,33.4
Cpd707,C,285.468,2023/03/01,3.3,11.1
Cpd708,D,295.920,2023/03/01,1.4,3.2
Cpd709,A,309.922,2023/03/01,16.9,29.8
Cpd710,B,300.625,2023/03/01,8.8,18
Cpd711,C,388.272,2023/03/01,6.7,10
Cpd712,D,326.619,2023/03/01,1.1,8.7
Cpd713,A,298.289,2023/03/01,116.5,381
Cpd714,B,448.928,2023/03/01,14.5,24.7
Cpd715,C,421.483,2023/03/01,16.6,0.8
Cpd716,D,378.248,2023/04/01,5.6,24
Cpd717,A,294.158,2023/04/01,17.9,26.2
Cpd718,B,289.059,2023/04/01,15.4,27.7
Cpd719,C,394.237,2023/04/01,3.7,51.4
Cpd720,D,440.143,2023/04/01,17.4,22.8
Cpd721,A,346.012,2023/04/01,19.1,4.4
Cpd722,B,427.885,2023/04/01,11.9,8
Cpd723,C,275.247,2023/04/01,17.7,13.3
Cpd724,D,417.830,2023/04/01,14.8,10.2
Cpd725,A,265.983,2023/04/01,14.8,3.3
Cpd726,B,256.297,2023/04/01,9.9,29.7
Cpd727,C,355.238,2023/04/01,17.7,12.7
Cpd728,D,363.900,2023/04/01,14.9,290.1
Cpd729,A,352.585,2023/04/01,2.5,17.6
Cpd730,B,376.972,2023/04/01,12.6,22.9
Cpd731,C,441.812,2023/04/01,12.1,20.5
Cpd732,D,329.959,2023/04/01,15.2,19.4
Cpd733,A,267.804,2023/04/01,9.1,12.3
Cpd734,B,388.320,2023/04/01,19.8,11.2
Cpd735,C,343.145,2023/04/01,7.6,13.5
Cpd736,D,352.544,2023/04/01,15.8,7.3
Cpd737,A,338.329,2023/04/01,10.6,19.5
Cpd738,B,392.334,2023/04/01,16.7,12.2
Cpd739,C,312.736,2023/04/01,4.7,7.1
Cpd740,D,447.029,2023/04/01,2.1,24.8
Cpd741,A,369.640,2023/04/01,4.6,24.7
Cpd742,B,283.262,2023/04/01,15.9,2.8
Cpd743,C,399.501,2023/04/01,20,13
Cpd744,D,350.952,2023/04/01,1.5,28.6
Cpd745,A,436.883,2023/04/01,3.6,12.7
Cpd746,B,369.558,2023/04/01,10.7,10
Cpd747,C,375.831,2023/04/01,18.9,18.1
Cpd748,D,331.795,2023/04/01,6.4,11.5
Cpd749,A,447.900,2023/04/01,8.2,2.6
Cpd750,B,383.303,2023/04/01,11.8,25.4
Cpd751,A,300.792,2023/04/01,10.9,28.3
Cpd752,B,254.137,2023/04/01,4.9,11.9
Cpd753,C,361.475,2023/04/01,12,16.8
Cpd754,D,439.331,2023/04/01,278.8,334.5
Cpd755,A,416.476,2023/04/01,15.5,11.5
Cpd756,B,287.261,2023/04/01,2.6,22.3
Cpd757,C,387.799,2023/04/01,7,18.1
Cpd758,D,420.516,2023/04/01,15.6,10.3
Cpd759,A,372.569,2023/04/01,3.6,20.1
Cpd760,B,326.644,2023/04/01,11.3,2.6
Cpd761,C,298.369,2023/04/01,17.8,12.8
Cpd762,D,386.198,2023/04/01,208.5,357.9
Cpd763,A,327.543,2023/04/01,19.7,23.5
Cpd764,B,401.411,2023/04/01,16.7,6.1
Cpd765,C,328.955,2023/04/01,7.2,6.7
Cpd766,D,327.493,2023/04/01,15.9,14.3
Cpd767,A,284.430,2023/04/01,2.4,29.2
Cpd768,B,444.714,2023/04/01,1.8,3.9
Cpd769,C,271.995,2023/04/01,8.8,3.9
Cpd770,D,326.229,2023/04/01,13.3,14.5
Cpd771,A,284.957,2023/04/01,9.4,16.5
Cpd772,B,415.118,2023/05/01,42.3,18.5
Cpd773,C,423.692,2023/05/01,10.5,6.6
Cpd774,D,313.500,2023/05/01,17.6,6
Cpd775,A,407.917,2023/05/01,7.9,5.8
Cpd776,B,274.492,2023/05/01,12.7,6.2
Cpd777,C,276.305,2023/05/01,6.5,26.3
Cpd778,D,369.367,2023/05/01,19.6,3.5
Cpd779,A,295.923,2023/05/01,17.4,19.4
Cpd780,B,351.481,2023/05/01,12.6,24.9
Cpd781,C,427.576,2023/05/01,2.3,17.1
Cpd782,D,256.951,2023/05/01,11.4,27.6
Cpd783,A,369.333,2023/05/01,9.8,4.6
Cpd784,B,349.575,2023/05/01,9.2,15.3
Cpd785,C,316.882,2023/05/01,153.9,73.8
Cpd786,D,442.226,2023/05/01,14.8,22.7
Cpd787,A,376.856,2023/05/01,11.8,4.2
Cpd788,B,294.886,2023/05/01,11.6,1.1
Cpd789,C,291.734,2023/05/01,11.7,18
Cpd790,D,414.993,2023/05/01,17.7,23.1
Cpd791,A,279.538,2023/05/01,4.8,16
Cpd792,B,261.148,2023/05/01,1,14.7
Cpd793,C,358.336,2023/05/01,17.2,3.1
Cpd794,D,297.145,2023/05/01,50,381.1
Cpd795,A,268.037,2023/05/01,14.1,5.4
Cpd796,B,358.064,2023/05/01,8.7,7.3
Cpd797,C,376.461,2023/05/01,18.5,2.1
Cpd798,D,300.961,2023/05/01,20,6.5
Cpd799,A,372.736,2023/05/01,3.2,3.8
Cpd800,B,424.036,2023/05/01,8.7,11.1
Cpd801,C,421.516,2023/05/01,5.1,15
Cpd802,D,383.265,2023/05/01,10.9,7.7
Cpd803,A,442.041,2023/05/01,12.7,29.2
Cpd804,B,325.431,2023/05/01,9.6,6.1
Cpd805,C,355.668,2023/05/01,8.1,21.7
Cpd806,D,430.516,2023/05/01,16.1,20.2
Cpd807,A,436.282,2023/05/01,5,21.6
Cpd808,B,331.908,2023/05/01,9,25.1
Cpd809,C,325.071,2023/05/01,295.1,202.4
Cpd810,D,305.394,2023/05/01,2.1,15.5
Cpd811,A,412.945,2023/05/01,4,9.8
Cpd812,B,310.995,2023/05/01,16.1,24.3
Cpd813,C,331.688,2023/05/01,16.2,25.2
Cpd814,D,287.210,2023/05/01,13.8,16.4
Cpd815,A,263.561,2023/05/01,12.1,24.2
Cpd816,B,264.950,2023/05/01,17.8,15.3
Cpd817,C,415.892,2023/05/01,6.5,23.9
Cpd818,D,446.485,2023/05/01,11.7,0.8
Cpd819,A,403.370,2023/05/01,18.4,19.3
Cpd820,B,419.106,2023/06/01,15.2,4.2
Cpd821,C,329.983,2023/06/01,12.6,29.5
Cpd822,D,308.290,2023/06/01,12.6,5.2
Cpd823,A,411.955,2023/06/01,13.4,23.3
Cpd824,B,263.260,2023/06/01,6,22.9
Cpd825,C,282.956,2023/06/01,15.9,2.2
Cpd826,D,379.457,2023/06/01,12.8,15.6
Cpd827,A,276.381,2023/06/01,10.3,6.3
Cpd828,B,446.322,2023/06/01,3.4,28.8
Cpd829,C,393.272,2023/06/01,15,7.3
Cpd830,D,341.507,2023/06/01,25.5,14.4
Cpd831,A,397.920,2023/06/01,16.9,13.7
Cpd832,B,429.272,2023/06/01,7.3,10.9
Cpd833,C,299.128,2023/06/01,16.8,11.2
Cpd834,D,344.184,2023/06/01,8.2,25.3
Cpd835,A,289.264,2023/06/01,17.9,17.3
Cpd836,B,312.698,2023/06/01,3.8,20.3
Cpd837,C,344.620,2023/06/01,1,21.2
Cpd838,D,273.711,2023/06/01,12.3,11.5
Cpd839,A,311.230,2023/06/01,15.8,12.4
Cpd840,B,272.461,2023/06/01,10,23.9
Cpd841,C,285.419,2023/06/01,8.4,1.5
Cpd842,D,315.400,2023/06/01,12.8,11.5
Cpd843,A,276.229,2023/06/01,1.6,14.8
Cpd844,B,360.753,2023/06/01,15.2,5.3
Cpd845,C,339.013,2023/06/01,2.3,26
Cpd846,D,382.024,2023/06/01,247,258.5
Cpd847,A,280.398,2023/06/01,13.8,29.7
Cpd848,B,259.648,2023/06/01,17.5,9.2
Cpd849,C,442.260,2023/06/01,4.6,11.5
Cpd850,D,437.326,2023/06/01,5.1,1.8
Cpd851,A,317.062,2023/06/01,5.9,26.5
Cpd852,B,310.405,2023/06/01,13.6,4
Cpd853,C,372.955,2023/06/01,14.9,5.2
Cpd854,D,408.358,2023/06/01,11.4,29.8
Cpd855,A,271.312,2023/06/01,5.7,9.9
Cpd856,B,384.144,2023/06/01,17.1,28.4
Cpd857,C,342.303,2023/06/01,11.6,23.6
Cpd858,D,250.779,2023/06/01,10.9,21.4
Cpd859,A,398.757,2023/06/01,5.8,18.1
Cpd860,B,308.161,2023/06/01,14.3,7.6
Cpd861,C,371.618,2023/06/01,2.5,23
Cpd862,D,408.071,2023/06/01,1.7,5.8
Cpd863,A,351.123,2023/06/01,7.6,13.9
Cpd864,B,417.045,2023/06/01,18.9,10.2
Cpd865,C,429.302,2023/06/01,8.3,2.3
Cpd866,D,388.569,2023/06/01,2.7,29.3
Cpd867,A,427.159,2023/06/01,16.3,3.3
Cpd868,B,358.838,2023/06/01,15.9,21.5
Cpd869,C,323.066,2023/06/01,84.9,362.4
Cpd870,D,273.535,2023/06/01,10.5,26.4
Cpd871,A,399.401,2023/06/01,5.5,20.6
Cpd872,B,353.953,2023/06/01,9,21
Cpd873,C,317.574,2023/07/01,18.4,2.2
Cpd874,D,264.936,2023/07/01,17.8,26.6
Cpd875,A,395.651,2023/07/01,7.2,4.2
Cpd876,B,278.095,2023/07/01,15.7,11.2
Cpd877,C,379.109,2023/07/01,7.1,19.3
Cpd878,D,283.404,2023/07/01,12.3,9.8
Cpd879,A,298.611,2023/07/01,3.6,17.9
Cpd880,B,420.395,2023/07/01,10.7,15.7
Cpd881,C,436.607,2023/07/01,7.2,10.5
Cpd882,D,334.835,2023/07/01,14.7,2.7
Cpd883,A,367.920,2023/07/01,1.4,10.1
Cpd884,B,354.060,2023/07/01,7.1,5.5
Cpd885,C,292.280,2023/07/01,10.4,17.2
Cpd886,D,278.349,2023/07/01,9.2,5.9
Cpd887,A,285.924,2023/07/01,11.5,6
Cpd888,B,449.224,2023/07/01,8.7,29.3
Cpd889,C,415.315,2023/07/01,8.6,11.8
Cpd890,D,348.833,2023/07/01,17.1,9.6
Cpd891,A,381.823,2023/07/01,3.1,29.7
Cpd892,B,356.335,2023/07/01,27.2,51.3
Cpd893,C,408.512,2023/07/01,7.5,2.6
Cpd894,D,314.065,2023/07/01,8,27.8
Cpd895,A,398.399,2023/07/01,6.5,15
Cpd896,B,293.291,2023/07/01,17.8,21
Cpd897,C,250.495,2023/07/01,12.6,11.5
Cpd898,D,279.404,2023/07/01,14.5,16.8
Cpd899,A,431.389,2023/07/01,10.1,18.6
Cpd900,B,380.653,2023/07/01,1.5,15
Cpd901,C,285.001,2023/07/01,2.7,10.9
Cpd902,D,292.305,2023/07/01,9.2,12.7
Cpd903,A,393.566,2023/07/01,10.3,7.3
Cpd904,B,386.671,2023/07/01,2.7,23.5
Cpd905,C,354.001,2023/07/01,10,25.3
Cpd906,D,444.412,2023/07/01,6.3,24.8
Cpd907,A,333.999,2023/07/01,16.5,28
Cpd908,B,267.479,2023/07/01,17.8,7.6
Cpd909,C,252.824,2023/07/01,5.3,28.9
Cpd910,D,320.747,2023/07/01,8.9,13.7
Cpd911,A,377.451,2023/07/01,16.7,15.8
Cpd912,B,417.699,2023/07/01,17,30
Cpd913,C,423.172,2023/07/01,3.8,17.1
Cpd914,D,403.541,2023/07/01,14.9,19.1
Cpd915,A,339.758,2023/07/01,18.6,18.5
Cpd916,B,382.822,2023/07/01,13.2,24
Cpd917,C,293.818,2023/07/01,6.7,18.2
Cpd918,D,402.449,2023/07/01,16.8,1.6
Cpd919,A,422.059,2023/07/01,15.6,23.1
Cpd920,B,327.134,2023/07/01,8.2,21.2
Cpd921,C,329.050,2023/07/01,116.2,228.8
Cpd922,D,253.485,2023/07/01,0.9,22.4
Cpd923,A,390.095,2023/07/01,17.7,19.9
Cpd924,B,399.558,2023/07/01,19.5,19.2
Cpd925,C,251.264,2023/07/01,9.4,25.7
Cpd926,D,305.698,2023/07/01,5.4,7.3
Cpd927,A,304.352,2023/08/01,14.5,4.8
Cpd928,B,294.704,2023/08/01,12.9,19.7
Cpd929,C,266.916,2023/08/01,7.7,15.5
Cpd930,D,397.652,2023/08/01,18.4,14.8
Cpd931,A,382.638,2023/08/01,2.8,11.1
Cpd932,B,367.522,2023/08/01,16.4,15.2
Cpd933,C,443.901,2023/08/01,1.3,2.5
Cpd934,D,315.026,2023/08/01,16.1,28.7
Cpd935,A,348.769,2023/08/01,2.5,8.7
Cpd936,B,427.331,2023/08/01,6,3
Cpd937,C,263.665,2023/08/01,5.2,24.4
Cpd938,D,316.167,2023/08/01,11.2,27.7
Cpd939,A,449.365,2023/08/01,14.4,8.8
Cpd940,B,410.679,2023/08/01,7.5,26.3
Cpd941,C,402.805,2023/08/01,9.5,15.5
Cpd942,D,414.154,2023/08/01,16.9,7.6
Cpd943,A,405.283,2023/08/01,20,5.3
Cpd944,B,312.297,2023/08/01,3.3,15.8
Cpd945,C,386.569,2023/08/01,3.6,11.8
Cpd946,D,311.979,2023/08/01,3.9,17.4
Cpd947,A,305.097,2023/08/01,10.5,16.6
Cpd948,B,439.621,2023/08/01,10.9,12
Cpd949,C,300.665,2023/08/01,2.5,20.3
Cpd950,D,301.686,2023/08/01,19.4,17.2
Cpd951,A,445.065,2023/08/01,17.5,10
Cpd952,B,448.661,2023/08/01,271.2,83.3
Cpd953,C,447.947,2023/08/01,4.3,9.6
Cpd954,D,258.819,2023/08/01,1.9,14.8
Cpd955,A,373.336,2023/08/01,12.6,16.9
Cpd956,B,317.707,2023/08/01,9.1,29.4
Cpd957,C,292.984,2023/08/01,14.6,10
Cpd958,D,290.296,2023/08/01,19.4,15.3
Cpd959,A,305.767,2023/08/01,5,23
Cpd960,B,420.178,2023/08/01,18.3,0.9
Cpd961,C,250.278,2023/08/01,9.8,8.5
Cpd962,D,426.819,2023/08/01,16.1,25.7
Cpd963,A,446.490,2023/08/01,12.2,23.2
Cpd964,B,369.096,2023/08/01,8.1,6
Cpd965,C,440.734,2023/08/01,2.6,16.5
Cpd966,D,390.209,2023/08/01,9.5,20.4
Cpd967,A,368.454,2023/08/01,11,8.7
Cpd968,B,323.025,2023/08/01,14.1,24.3
Cpd969,C,266.291,2023/08/01,8.3,20.9
Cpd970,D,311.546,2023/08/01,17.9,17.8
Cpd971,A,287.523,2023/09/01,9.6,9.4
Cpd972,B,366.974,2023/09/01,10.9,24.8
Cpd973,C,334.002,2023/09/01,10.2,3
Cpd974,D,327.751,2023/09/01,3,22.3
Cpd975,A,398.217,2023/09/01,15.1,1.7
Cpd976,B,411.603,2023/09/01,10.2,21.5
Cpd977,C,298.549,2023/09/01,15.2,27.8
Cpd978,D,442.271,2023/09/01,1.2,9.4
Cpd979,A,430.055,2023/09/01,1.9,9.7
Cpd980,B,390.255,2023/09/01,6,27.8
Cpd981,C,386.164,2023/09/01,6,17.5
Cpd982,D,299.761,2023/09/01,18.6,29.8
Cpd983,A,430.514,2023/09/01,295.6,342.8
Cpd984,B,375.690,2023/09/01,18.5,5.7
Cpd985,C,313.077,2023/09/01,2.6,7.3
Cpd986,D,395.205,2023/09/01,2.6,25.2
Cpd987,A,283.929,2023/09/01,13.1,18.6
Cpd988,B,387.018,2023/09/01,17.6,21
Cpd989,C,418.093,2023/09/01,18.2,16
Cpd990,D,314.616,2023/09/01,14.7,22.3
Cpd991,A,435.242,2023/09/01,9.9,8.9
Cpd992,B,312.253,2023/09/01,9.2,9.8
Cpd993,C,291.557,2023/09/01,15.9,15.4
Cpd994,D,287.527,2023/09/01,16.4,8.4
Cpd995,A,303.311,2023/09/01,12.3,26.4
Cpd996,B,332.995,2023/09/01,19.6,24.8
Cpd997,C,401.967,2023/09/01,18.9,3.7
Cpd998,D,420.694,2023/09/01,1.6,16.3
Cpd999,A,340.598,2023/09/01,14.6,22.1
Cpd1000,B,305.168,2023/09/01,8.3,1.3